<?xml version="1.0" encoding="UTF-8"?>
<beans xmlns="http://www.springframework.org/schema/beans"
	xmlns:xsi="http://www.w3.org/2001/XMLSchema-instance"
	xmlns:int="http://www.springframework.org/schema/integration"
	xmlns:int-ftp="http://www.springframework.org/schema/integration/ftp"
	xmlns:context="http://www.springframework.org/schema/context"
	xmlns:int-file="http://www.springframework.org/schema/integration/file"
	xsi:schemaLocation="http://www.springframework.org/schema/integration/ftp http://www.springframework.org/schema/integration/ftp/spring-integration-ftp.xsd
		http://www.springframework.org/schema/integration http://www.springframework.org/schema/integration/spring-integration.xsd
		http://www.springframework.org/schema/integration/file http://www.springframework.org/schema/integration/file/spring-integration-file-2.0.xsd
		http://www.springframework.org/schema/beans http://www.springframework.org/schema/beans/spring-beans.xsd
		http://www.springframework.org/schema/context http://www.springframework.org/schema/context/spring-context.xsd">

	<!-- <context:property-placeholder location="classpath:user.properties" system-properties-mode="ENVIRONMENT"/> -->

	<bean id="ftpClientFactory" class="org.springframework.integration.ftp.session.DefaultFtpSessionFactory">
		<property name="host" value="10.102.54.140"/>
		<property name="port" value="21"/>
		<property name="username" value="rahul"/>
		<property name="password" value="password"/>
	</bean>

	<int-ftp:inbound-channel-adapter id="ftpInbound" cache-sessions="false"
				channel="ftpChannel"
				session-factory="ftpClientFactory"
				filename-pattern="*.txt"
				auto-create-local-directory="true"
				delete-remote-files="false"
				remote-directory="\"
				local-directory=".">
			<int:poller fixed-rate="1000"/>
	</int-ftp:inbound-channel-adapter>

	<int:channel id="ftpChannel">
		<int:queue/>
	</int:channel>
	
	<!-- <int-file:outbound-channel-adapter directory="D:\neerajkibeep" ></int-file:outbound-channel-adapter> -->
</beans>
