<?xml version="1.0" encoding="UTF-8"?>
<beans xmlns="http://www.springframework.org/schema/beans"
	xmlns:xsi="http://www.w3.org/2001/XMLSchema-instance"
	xmlns:int="http://www.springframework.org/schema/integration"
	xmlns:context="http://www.springframework.org/schema/context"
	xmlns:int-ftp="http://www.springframework.org/schema/integration/ftp"
	xsi:schemaLocation="http://www.springframework.org/schema/integration/ftp http://www.springframework.org/schema/integration/ftp/spring-integration-ftp.xsd
		http://www.springframework.org/schema/integration http://www.springframework.org/schema/integration/spring-integration.xsd
		http://www.springframework.org/schema/beans http://www.springframework.org/schema/beans/spring-beans.xsd
		http://www.springframework.org/schema/context http://www.springframework.org/schema/context/spring-context.xsd">

<!-- 	<context:property-placeholder location="classpath:user.properties"/>
 -->
	<bean id="ftpClientFactory" class="org.springframework.integration.ftp.session.DefaultFtpSessionFactory">
		<property name="host" value="10.102.54.140"/>
		<property name="port" value="21"/>
		<property name="username" value="rahul"/>
		<property name="password" value="password"/>
	</bean>

	<int:channel id="ftpChannel"/>

	<int-ftp:outbound-channel-adapter  id="ftpOutbound" cache-sessions="false"
				channel="ftpChannel"
				remote-directory="/"
				session-factory="ftpClientFactory"
				 />
					
</beans>
