<?xml version="1.0" encoding="UTF-8"?>
<beans xmlns="http://www.springframework.org/schema/beans"
 xmlns:amq="http://activemq.apache.org/schema/core"
 xmlns:context="http://www.springframework.org/schema/context"
 xmlns:xsi="http://www.w3.org/2001/XMLSchema-instance"
 xmlns:tx="http://www.springframework.org/schema/tx"
 xsi:schemaLocation="http://www.springframework.org/schema/beans
   http://www.springframework.org/schema/beans/spring-beans.xsd  
   http://activemq.apache.org/schema/core 
   http://activemq.apache.org/schema/core/activemq-core.xsd  
   http://www.springframework.org/schema/context    http://www.springframework.org/schema/context/spring-context.xsd  
   http://www.springframework.org/schema/jms http://www.springframework.org/schema/jms/spring-jms.xsd 
   http://www.springframework.org/schema/tx http://www.springframework.org/schema/tx/spring-tx.xsd">
 
    <!-- activeMQ connection factory -->
    <bean id="amqConnectionFactory" class="org.apache.activemq.ActiveMQConnectionFactory">

                    <property name="brokerURL">
                  <value>tcp://localhost:61616</value>
            </property>
        
    </bean>
 
    <!-- ConnectionFactory Definition -->
    <bean id="connectionFactory" class="org.springframework.jms.connection.CachingConnectionFactory">
        <constructor-arg ref="amqConnectionFactory" />
    </bean>
 
    <!--  Default Destination Queue Definition-->
    <bean id="defaultDestination" class="org.apache.activemq.command.ActiveMQQueue">
        <constructor-arg index="0" value="dashora"/>
    </bean>
 
    <!-- JmsTemplate Definition -->
    <bean id="jmsTemplate" class="org.springframework.jms.core.JmsTemplate">
        <property name="connectionFactory" ref="connectionFactory" />
        <property name="defaultDestination" ref="defaultDestination" />
    </bean>
 
    <!-- Message Sender Definition -->
    <bean id="messageConsumer" class="com.rahul.jms.MessageConsumer">
        <constructor-arg index="0" ref="jmsTemplate" />
    </bean>
 
</beans> 